variant_name,enzyme_family,preferred_protein_accession,secondary_protein_accession,source_nucleotide_accession,secondary_nucleotide_accession,sequence_status,full_length_length,full_length_sequence_sha256,reference_variant,paper_reported_mutation,paper_numbering_scheme,independently_observed_precursor_difference,verification_status,quality_flags,curator_note
IMP-1,IMP,AAB30289.1,,S71932,,sequence_captured,246,2dd6454f1efde99a4c02ac938b4ecc083976273ffa0390d0a977e10494e6ebed,,,,,accession_and_sequence_captured,,
IMP-2,IMP,CAB94707.1,,AJ243491,,sequence_captured,246,84008f00361f521de08c43e271588240f30be987960a0db4f8a1db59a60bad26,,,,,accession_and_sequence_captured,,IMP-2 reference payload selected from the original AJ243491 allele and curated CAB94707.1 protein record.
IMP-4,IMP,AAK13078.1,WP_015060105.1,AF244145,,sequence_captured,246,20ce0da5a1ec090bd70043456e929ba37b4fd4eaaab90d0283d9f490d8488432,,,,,accession_and_sequence_captured,secondary_protein_accession_not_sequence_compared,WP_015060105.1 was used as the IMP-4 reference in a later study; this batch does not claim that the two accession payloads were independently compared.
IMP-6,IMP,BAB15941.1,,AB040994,,sequence_captured,246,45dcf08e54b5f12aeb3ca5a38099f5f224978905edc8d1ad10a8f8c4a55fff17,IMP-1,Ser262Gly,BBL,S214G,accession_sequence_and_precursor_difference_verified,,
IMP-10,IMP,BAB72069.1,,AB074433,,sequence_captured,246,2d5f21b9ef6df8a29298631e8f1422bd11b24afc89a6d9cc0599deb825cd2826,IMP-1,Val67Phe,BBL,V49F,accession_sequence_and_precursor_difference_verified,,AB074433 is the selected representative allele record; do not add other isolate accessions in this batch.
IMP-14,IMP,AAT49068.1,,AY553332,,sequence_captured,246,56e472498ec44642d2736d77fa2d3fbf201166a6e1949b430778711da6d9c692,IMP-2,,BBL,,accession_and_sequence_captured_numbering_unresolved,imp14_numbering_discrepancy_unresolved,Published Table 3 and narrative mutation positions are not fully consistent. Preserve all paper labels elsewhere; do not derive or validate IMP-14 mutation mappings in this batch.
IMP-19,IMP,ABM67078.1,,EF118171,,sequence_captured,246,cdaf7379c182801b1c5a7df3d5e4c7a52f37bb0457c4a43f7cc83e3610c909ac,IMP-2,Arg38Ala,BBL,R21A,accession_sequence_and_precursor_difference_verified,,The IMP-2 relationship was independently reproduced as R21A in full-length precursor coordinates; the paper-reported Arg38Ala BBL label is retained separately.
IMP-26,IMP,ACY01749.1,,GU045307,,sequence_captured,246,e0d17d6c7a6aa957cbd992b59c0ef1632fb9e5af79e3deeaf79ce6b53124165d,IMP-4,Val67Phe,BBL,V49F,accession_sequence_and_precursor_difference_verified,,
IMP-59,IMP,WP_094009805.1,,NG_055477.1,KX196782.1,sequence_captured,246,28bbb253d8cb2dd8e21a8e17e5f4d9ac6a56697cab0d2bb16930fc54c3d508f1,IMP-4,Asn233Tyr,BBL,N185Y,accession_sequence_and_precursor_difference_verified,,"The WP_094009805.1 precursor payload was manually captured from the NCBI protein record and independently compared with curated IMP-4; the only full-length precursor difference is N185Y, while the paper-reported Asn233Tyr BBL label is retained separately."
