pair_id,source_doi,source_table,enzyme_family,enzyme_variant,reference_variant,variant_origin,author_reported_mutation,numbering_scheme,protein_preparation,xer_observation_id,xer_relation,xer_value,xer_unit,xer_fitted_value,tan_observation_id,tan_relation,tan_value,tan_unit,tan_fitted_value,ratio_orientation,ratio_class,ratio_exact,ratio_lower_bound,ratio_upper_bound,log2_ratio_exact,log2_ratio_lower_bound,log2_ratio_upper_bound,direction_class,pair_directness_class,adjudicated_precursor_mutation,identity_adjudication_note
10.1128/aac.00297-25|Table 3|IMP|IMP-1,10.1128/aac.00297-25,Table 3,IMP,IMP-1,,paper_reported_variant,,,recombinant_E_coli_crude_extract,EVO-OBS-P3-008,=,2.7,uM,,EVO-OBS-P3-009,>,250,uM,,taniborbactam_ic50_over_xeruborbactam_ic50,lower_bound,,92.592593,,,6.532825,,tan_ic50_gt_xer_supported,prior_study_republication,,
10.1128/aac.00297-25|Table 3|IMP|IMP-10,10.1128/aac.00297-25,Table 3,IMP,IMP-10,IMP-1,paper_reported_variant,Val67Phe,BBL,recombinant_E_coli_crude_extract,EVO-OBS-P3-011,=,73,uM,,EVO-OBS-P3-012,>,250,uM,,taniborbactam_ic50_over_xeruborbactam_ic50,lower_bound,,3.424658,,,1.775960,,tan_ic50_gt_xer_supported,prior_study_republication,,
10.1128/aac.00297-25|Table 3|IMP|IMP-14,10.1128/aac.00297-25,Table 3,IMP,IMP-14,,paper_reported_variant,,,recombinant_E_coli_crude_extract,EVO-OBS-P3-002,>,250,uM,680,EVO-OBS-P3-015,>,250,uM,,taniborbactam_ic50_over_xeruborbactam_ic50,indeterminate,,,,,,,direction_unresolved,not_marked_as_prior_study_republication,,
10.1128/aac.00297-25|Table 3|IMP|IMP-14 D227Y,10.1128/aac.00297-25,Table 3,IMP,IMP-14 D227Y,IMP-14,engineered,D227Y,BBL,recombinant_E_coli_crude_extract,EVO-OBS-P3-022,=,250,uM,,EVO-OBS-P3-023,=,204,uM,,taniborbactam_ic50_over_xeruborbactam_ic50,exact,0.816000,,,-0.293359,,,tan_ic50_lt_xer_supported,not_marked_as_prior_study_republication,D181Y,Table 2 and Table 3 agree; Table S1 primer evidence independently supports precursor D181Y.
10.1128/aac.00297-25|Table 3|IMP|IMP-14 H174N,10.1128/aac.00297-25,Table 3,IMP,IMP-14 H174N,IMP-14,engineered,H174N,BBL,recombinant_E_coli_crude_extract,EVO-OBS-P3-018,=,182,uM,,EVO-OBS-P3-019,>,250,uM,,taniborbactam_ic50_over_xeruborbactam_ic50,lower_bound,,1.373626,,,0.457990,,tan_ic50_gt_xer_supported,not_marked_as_prior_study_republication,H134N,Table 2 and Table 3 agree; Table S1 primer evidence independently supports precursor H134N.
10.1128/aac.00297-25|Table 3|IMP|IMP-14 N178S,10.1128/aac.00297-25,Table 3,IMP,IMP-14 N178S,IMP-14,engineered,N178S,BBL,recombinant_E_coli_crude_extract,EVO-OBS-P3-020,=,180,uM,,EVO-OBS-P3-021,>,250,uM,,taniborbactam_ic50_over_xeruborbactam_ic50,lower_bound,,1.388889,,,0.473931,,tan_ic50_gt_xer_supported,not_marked_as_prior_study_republication,N137S,Tables 2 and 3 both report N178S while the narrative reports Asn177Ser; Table S1 primer evidence independently supports precursor N137S.
10.1128/aac.00297-25|Table 3|IMP|IMP-14 N233Y,10.1128/aac.00297-25,Table 3,IMP,IMP-14 N233Y,IMP-14,engineered,N233Y,BBL,recombinant_E_coli_crude_extract,EVO-OBS-P3-024,=,210,uM,,EVO-OBS-P3-025,>,250,uM,,taniborbactam_ic50_over_xeruborbactam_ic50,lower_bound,,1.190476,,,0.251539,,tan_ic50_gt_xer_supported,not_marked_as_prior_study_republication,Y185N,The supplement label N185Y and Table 3 label N233Y are preserved verbatim; the Table S1 primer independently supports precursor Y185N and Table 2 reports the consistent reverse-mutagenesis label Y233N.
10.1128/aac.00297-25|Table 3|IMP|IMP-14 S65G,10.1128/aac.00297-25,Table 3,IMP,IMP-14 S65G,IMP-14,engineered,S65G,BBL,recombinant_E_coli_crude_extract,EVO-OBS-P3-016,=,140,uM,,EVO-OBS-P3-017,>,250,uM,,taniborbactam_ic50_over_xeruborbactam_ic50,lower_bound,,1.785714,,,0.836501,,tan_ic50_gt_xer_supported,not_marked_as_prior_study_republication,S47G,Table 2 and Table 3 agree; Table S1 primer evidence independently supports precursor S47G.
10.1128/aac.00297-25|Table 3|IMP|IMP-19,10.1128/aac.00297-25,Table 3,IMP,IMP-19,,paper_reported_variant,,,recombinant_E_coli_crude_extract,EVO-OBS-P3-013,=,7.5,uM,,EVO-OBS-P3-014,>,250,uM,,taniborbactam_ic50_over_xeruborbactam_ic50,lower_bound,,33.333333,,,5.058894,,tan_ic50_gt_xer_supported,prior_study_republication,,
10.1128/aac.00297-25|Table 3|IMP|IMP-26,10.1128/aac.00297-25,Table 3,IMP,IMP-26,IMP-4,paper_reported_variant,Val67Phe,BBL,recombinant_E_coli_crude_extract,EVO-OBS-P3-028,=,77,uM,,EVO-OBS-P3-029,>,250,uM,,taniborbactam_ic50_over_xeruborbactam_ic50,lower_bound,,3.246753,,,1.698998,,tan_ic50_gt_xer_supported,not_marked_as_prior_study_republication,,
10.1128/aac.00297-25|Table 3|IMP|IMP-4,10.1128/aac.00297-25,Table 3,IMP,IMP-4,,paper_reported_variant,,,recombinant_E_coli_crude_extract,EVO-OBS-P3-026,=,14.7,uM,,EVO-OBS-P3-027,>,250,uM,,taniborbactam_ic50_over_xeruborbactam_ic50,lower_bound,,17.006803,,,4.088040,,tan_ic50_gt_xer_supported,prior_study_republication,,
10.1128/aac.00297-25|Table 3|IMP|IMP-59,10.1128/aac.00297-25,Table 3,IMP,IMP-59,IMP-4,paper_reported_variant,Asn233Tyr,BBL,recombinant_E_coli_crude_extract,EVO-OBS-P3-030,=,10.3,uM,,EVO-OBS-P3-003,=,7.0,uM,,taniborbactam_ic50_over_xeruborbactam_ic50,exact,0.679612,,,-0.557218,,,tan_ic50_lt_xer_supported,not_marked_as_prior_study_republication,,
10.1128/aac.00297-25|Table 3|IMP|IMP-6,10.1128/aac.00297-25,Table 3,IMP,IMP-6,IMP-1,paper_reported_variant,Ser262Gly,BBL,recombinant_E_coli_crude_extract,EVO-OBS-P3-001,=,180,uM,,EVO-OBS-P3-010,>,250,uM,,taniborbactam_ic50_over_xeruborbactam_ic50,lower_bound,,1.388889,,,0.473931,,tan_ic50_gt_xer_supported,not_marked_as_prior_study_republication,,
10.1128/aac.00297-25|Table 3|NDM|NDM-1,10.1128/aac.00297-25,Table 3,NDM,NDM-1,,paper_reported_variant,,,recombinant_E_coli_crude_extract,EVO-OBS-P3-004,=,4.3,uM,,EVO-OBS-P3-005,=,3.0,uM,,taniborbactam_ic50_over_xeruborbactam_ic50,exact,0.697674,,,-0.519374,,,tan_ic50_lt_xer_supported,prior_study_republication,,
10.1128/aac.00297-25|Table 3|NDM|NDM-1 S262G,10.1128/aac.00297-25,Table 3,NDM,NDM-1 S262G,NDM-1,engineered,S262G,BBL,recombinant_E_coli_crude_extract,EVO-OBS-P3-006,>,200,uM,,EVO-OBS-P3-007,>,250,uM,,taniborbactam_ic50_over_xeruborbactam_ic50,indeterminate,,,,,,,direction_unresolved,not_marked_as_prior_study_republication,,
10.1128/aac.01570-23|Table 3|AIM|AIM-1,10.1128/aac.01570-23,Table 3,AIM,AIM-1,,paper_reported_variant,,,recombinant_E_coli_crude_lysate,EVO-OBS-P2-071,>,100,uM,,EVO-OBS-P2-072,>,100,uM,,taniborbactam_ic50_over_xeruborbactam_ic50,indeterminate,,,,,,,direction_unresolved,not_marked_as_prior_study_republication,,
10.1128/aac.01570-23|Table 3|DIM|DIM-1,10.1128/aac.01570-23,Table 3,DIM,DIM-1,,paper_reported_variant,,,recombinant_E_coli_crude_lysate,EVO-OBS-P2-065,=,11.4,uM,,EVO-OBS-P2-066,=,3.9,uM,,taniborbactam_ic50_over_xeruborbactam_ic50,exact,0.342105,,,-1.547488,,,tan_ic50_lt_xer_supported,not_marked_as_prior_study_republication,,
10.1128/aac.01570-23|Table 3|GIM|GIM-1,10.1128/aac.01570-23,Table 3,GIM,GIM-1,,paper_reported_variant,,,recombinant_E_coli_crude_lysate,EVO-OBS-P2-067,=,7.9,uM,,EVO-OBS-P2-068,=,1.3,uM,,taniborbactam_ic50_over_xeruborbactam_ic50,exact,0.164557,,,-2.603341,,,tan_ic50_lt_xer_supported,not_marked_as_prior_study_republication,,
10.1128/aac.01570-23|Table 3|IMP|IMP-1,10.1128/aac.01570-23,Table 3,IMP,IMP-1,,paper_reported_variant,,,recombinant_E_coli_crude_lysate,EVO-OBS-P2-003,=,2.7,uM,,EVO-OBS-P2-043,>,100,uM,,taniborbactam_ic50_over_xeruborbactam_ic50,lower_bound,,37.037037,,,5.210897,,tan_ic50_gt_xer_supported,not_marked_as_prior_study_republication,,
10.1128/aac.01570-23|Table 3|IMP|IMP-10,10.1128/aac.01570-23,Table 3,IMP,IMP-10,IMP-1,paper_reported_variant,Val67Phe,BBL,recombinant_E_coli_crude_lysate,EVO-OBS-P2-004,=,73,uM,,EVO-OBS-P2-050,>,100,uM,,taniborbactam_ic50_over_xeruborbactam_ic50,lower_bound,,1.369863,,,0.454032,,tan_ic50_gt_xer_supported,not_marked_as_prior_study_republication,,
10.1128/aac.01570-23|Table 3|IMP|IMP-11,10.1128/aac.01570-23,Table 3,IMP,IMP-11,,paper_reported_variant,,,recombinant_E_coli_crude_lysate,EVO-OBS-P2-051,=,15.8,uM,,EVO-OBS-P2-052,>,100,uM,,taniborbactam_ic50_over_xeruborbactam_ic50,lower_bound,,6.329114,,,2.662004,,tan_ic50_gt_xer_supported,not_marked_as_prior_study_republication,,
10.1128/aac.01570-23|Table 3|IMP|IMP-13,10.1128/aac.01570-23,Table 3,IMP,IMP-13,,paper_reported_variant,,,recombinant_E_coli_crude_lysate,EVO-OBS-P2-053,=,15.0,uM,,EVO-OBS-P2-054,>,100,uM,,taniborbactam_ic50_over_xeruborbactam_ic50,lower_bound,,6.666667,,,2.736966,,tan_ic50_gt_xer_supported,not_marked_as_prior_study_republication,,
10.1128/aac.01570-23|Table 3|IMP|IMP-15,10.1128/aac.01570-23,Table 3,IMP,IMP-15,,paper_reported_variant,,,recombinant_E_coli_crude_lysate,EVO-OBS-P2-055,=,4.1,uM,,EVO-OBS-P2-056,>,100,uM,,taniborbactam_ic50_over_xeruborbactam_ic50,lower_bound,,24.390244,,,4.608232,,tan_ic50_gt_xer_supported,not_marked_as_prior_study_republication,,
10.1128/aac.01570-23|Table 3|IMP|IMP-18,10.1128/aac.01570-23,Table 3,IMP,IMP-18,,paper_reported_variant,,,recombinant_E_coli_crude_lysate,EVO-OBS-P2-057,=,20.7,uM,,EVO-OBS-P2-058,>,100,uM,,taniborbactam_ic50_over_xeruborbactam_ic50,lower_bound,,4.830918,,,2.272297,,tan_ic50_gt_xer_supported,not_marked_as_prior_study_republication,,
10.1128/aac.01570-23|Table 3|IMP|IMP-19,10.1128/aac.01570-23,Table 3,IMP,IMP-19,,paper_reported_variant,,,recombinant_E_coli_crude_lysate,EVO-OBS-P2-059,=,7.5,uM,,EVO-OBS-P2-060,>,100,uM,,taniborbactam_ic50_over_xeruborbactam_ic50,lower_bound,,13.333333,,,3.736966,,tan_ic50_gt_xer_supported,not_marked_as_prior_study_republication,,
10.1128/aac.01570-23|Table 3|IMP|IMP-4,10.1128/aac.01570-23,Table 3,IMP,IMP-4,,paper_reported_variant,,,recombinant_E_coli_crude_lysate,EVO-OBS-P2-044,=,14.7,uM,,EVO-OBS-P2-045,>,100,uM,,taniborbactam_ic50_over_xeruborbactam_ic50,lower_bound,,6.802721,,,2.766112,,tan_ic50_gt_xer_supported,not_marked_as_prior_study_republication,,
10.1128/aac.01570-23|Table 3|IMP|IMP-5,10.1128/aac.01570-23,Table 3,IMP,IMP-5,,paper_reported_variant,,,recombinant_E_coli_crude_lysate,EVO-OBS-P2-046,=,3.6,uM,,EVO-OBS-P2-047,>,100,uM,,taniborbactam_ic50_over_xeruborbactam_ic50,lower_bound,,27.777778,,,4.795859,,tan_ic50_gt_xer_supported,not_marked_as_prior_study_republication,,
10.1128/aac.01570-23|Table 3|IMP|IMP-8,10.1128/aac.01570-23,Table 3,IMP,IMP-8,,paper_reported_variant,,,recombinant_E_coli_crude_lysate,EVO-OBS-P2-048,=,13.5,uM,,EVO-OBS-P2-049,>,100,uM,,taniborbactam_ic50_over_xeruborbactam_ic50,lower_bound,,7.407407,,,2.888969,,tan_ic50_gt_xer_supported,not_marked_as_prior_study_republication,,
10.1128/aac.01570-23|Table 3|NDM|NDM-1,10.1128/aac.01570-23,Table 3,NDM,NDM-1,,paper_reported_variant,,,recombinant_E_coli_crude_lysate,EVO-OBS-P2-007,=,4.3,uM,,EVO-OBS-P2-008,=,3.0,uM,,taniborbactam_ic50_over_xeruborbactam_ic50,exact,0.697674,,,-0.519374,,,tan_ic50_lt_xer_supported,not_marked_as_prior_study_republication,,
10.1128/aac.01570-23|Table 3|NDM|NDM-14,10.1128/aac.01570-23,Table 3,NDM,NDM-14,,paper_reported_variant,,,recombinant_E_coli_crude_lysate,EVO-OBS-P2-017,=,2.4,uM,,EVO-OBS-P2-018,=,0.9,uM,,taniborbactam_ic50_over_xeruborbactam_ic50,exact,0.375000,,,-1.415037,,,tan_ic50_lt_xer_supported,not_marked_as_prior_study_republication,,
10.1128/aac.01570-23|Table 3|NDM|NDM-19,10.1128/aac.01570-23,Table 3,NDM,NDM-19,,paper_reported_variant,,,recombinant_E_coli_crude_lysate,EVO-OBS-P2-019,=,7.4,uM,,EVO-OBS-P2-020,=,4.0,uM,,taniborbactam_ic50_over_xeruborbactam_ic50,exact,0.540541,,,-0.887525,,,tan_ic50_lt_xer_supported,not_marked_as_prior_study_republication,,
10.1128/aac.01570-23|Table 3|NDM|NDM-2,10.1128/aac.01570-23,Table 3,NDM,NDM-2,,paper_reported_variant,,,recombinant_E_coli_crude_lysate,EVO-OBS-P2-009,=,3.5,uM,,EVO-OBS-P2-010,=,2.0,uM,,taniborbactam_ic50_over_xeruborbactam_ic50,exact,0.571429,,,-0.807355,,,tan_ic50_lt_xer_supported,not_marked_as_prior_study_republication,,
10.1128/aac.01570-23|Table 3|NDM|NDM-30,10.1128/aac.01570-23,Table 3,NDM,NDM-30,,paper_reported_variant,,,recombinant_E_coli_crude_lysate,EVO-OBS-P2-021,=,1.6,uM,,EVO-OBS-P2-022,=,34,uM,,taniborbactam_ic50_over_xeruborbactam_ic50,exact,21.250000,,,4.409391,,,tan_ic50_gt_xer_supported,not_marked_as_prior_study_republication,,
10.1128/aac.01570-23|Table 3|NDM|NDM-35,10.1128/aac.01570-23,Table 3,NDM,NDM-35,,paper_reported_variant,,,recombinant_E_coli_crude_lysate,EVO-OBS-P2-023,=,5.6,uM,,EVO-OBS-P2-024,=,8.6,uM,,taniborbactam_ic50_over_xeruborbactam_ic50,exact,1.535714,,,0.618910,,,tan_ic50_gt_xer_supported,not_marked_as_prior_study_republication,,
10.1128/aac.01570-23|Table 3|NDM|NDM-4,10.1128/aac.01570-23,Table 3,NDM,NDM-4,,paper_reported_variant,,,recombinant_E_coli_crude_lysate,EVO-OBS-P2-011,=,2.0,uM,,EVO-OBS-P2-012,=,4.7,uM,,taniborbactam_ic50_over_xeruborbactam_ic50,exact,2.350000,,,1.232661,,,tan_ic50_gt_xer_supported,not_marked_as_prior_study_republication,,
10.1128/aac.01570-23|Table 3|NDM|NDM-47,10.1128/aac.01570-23,Table 3,NDM,NDM-47,,paper_reported_variant,,,recombinant_E_coli_crude_lysate,EVO-OBS-P2-025,=,9.2,uM,,EVO-OBS-P2-026,=,3.8,uM,,taniborbactam_ic50_over_xeruborbactam_ic50,exact,0.413043,,,-1.275634,,,tan_ic50_lt_xer_supported,not_marked_as_prior_study_republication,,
10.1128/aac.01570-23|Table 3|NDM|NDM-5,10.1128/aac.01570-23,Table 3,NDM,NDM-5,,paper_reported_variant,,,recombinant_E_coli_crude_lysate,EVO-OBS-P2-013,=,2.2,uM,,EVO-OBS-P2-014,=,5.2,uM,,taniborbactam_ic50_over_xeruborbactam_ic50,exact,2.363636,,,1.241008,,,tan_ic50_gt_xer_supported,not_marked_as_prior_study_republication,,
10.1128/aac.01570-23|Table 3|NDM|NDM-7,10.1128/aac.01570-23,Table 3,NDM,NDM-7,,paper_reported_variant,,,recombinant_E_coli_crude_lysate,EVO-OBS-P2-015,=,2.3,uM,,EVO-OBS-P2-016,=,2.2,uM,,taniborbactam_ic50_over_xeruborbactam_ic50,exact,0.956522,,,-0.064130,,,tan_ic50_lt_xer_supported,not_marked_as_prior_study_republication,,
10.1128/aac.01570-23|Table 3|NDM|NDM-9,10.1128/aac.01570-23,Table 3,NDM,NDM-9,,paper_reported_variant,,,recombinant_E_coli_crude_lysate,EVO-OBS-P2-001,=,5.4,uM,,EVO-OBS-P2-002,=,130,uM,,taniborbactam_ic50_over_xeruborbactam_ic50,exact,24.074074,,,4.589408,,,tan_ic50_gt_xer_supported,not_marked_as_prior_study_republication,,
10.1128/aac.01570-23|Table 3|PFM|PFM-1,10.1128/aac.01570-23,Table 3,PFM,PFM-1,,paper_reported_variant,,,recombinant_E_coli_crude_lysate,EVO-OBS-P2-069,>,100,uM,,EVO-OBS-P2-070,>,100,uM,,taniborbactam_ic50_over_xeruborbactam_ic50,indeterminate,,,,,,,direction_unresolved,not_marked_as_prior_study_republication,,
10.1128/aac.01570-23|Table 3|SIM|SIM-1,10.1128/aac.01570-23,Table 3,SIM,SIM-1,,paper_reported_variant,,,recombinant_E_coli_crude_lysate,EVO-OBS-P2-061,=,93,uM,,EVO-OBS-P2-062,>,100,uM,,taniborbactam_ic50_over_xeruborbactam_ic50,lower_bound,,1.075269,,,0.104697,,tan_ic50_gt_xer_supported,not_marked_as_prior_study_republication,,
10.1128/aac.01570-23|Table 3|SPM|SPM-1,10.1128/aac.01570-23,Table 3,SPM,SPM-1,,paper_reported_variant,,,recombinant_E_coli_crude_lysate,EVO-OBS-P2-063,>,100,uM,,EVO-OBS-P2-064,=,2.7,uM,,taniborbactam_ic50_over_xeruborbactam_ic50,upper_bound,,,0.027000,,,-5.210897,tan_ic50_lt_xer_supported,not_marked_as_prior_study_republication,,
10.1128/aac.01570-23|Table 3|VIM|VIM-1,10.1128/aac.01570-23,Table 3,VIM,VIM-1,,paper_reported_variant,,,recombinant_E_coli_crude_lysate,EVO-OBS-P2-027,=,0.5,uM,,EVO-OBS-P2-028,=,0.8,uM,,taniborbactam_ic50_over_xeruborbactam_ic50,exact,1.600000,,,0.678072,,,tan_ic50_gt_xer_supported,not_marked_as_prior_study_republication,,
10.1128/aac.01570-23|Table 3|VIM|VIM-19,10.1128/aac.01570-23,Table 3,VIM,VIM-19,,paper_reported_variant,,,recombinant_E_coli_crude_lysate,EVO-OBS-P2-033,=,0.2,uM,,EVO-OBS-P2-034,=,0.4,uM,,taniborbactam_ic50_over_xeruborbactam_ic50,exact,2.000000,,,1.000000,,,tan_ic50_gt_xer_supported,not_marked_as_prior_study_republication,,
10.1128/aac.01570-23|Table 3|VIM|VIM-2,10.1128/aac.01570-23,Table 3,VIM,VIM-2,,paper_reported_variant,,,recombinant_E_coli_crude_lysate,EVO-OBS-P2-037,=,0.1,uM,,EVO-OBS-P2-038,=,0.5,uM,,taniborbactam_ic50_over_xeruborbactam_ic50,exact,5.000000,,,2.321928,,,tan_ic50_gt_xer_supported,not_marked_as_prior_study_republication,,
10.1128/aac.01570-23|Table 3|VIM|VIM-4,10.1128/aac.01570-23,Table 3,VIM,VIM-4,,paper_reported_variant,,,recombinant_E_coli_crude_lysate,EVO-OBS-P2-029,=,0.05,uM,,EVO-OBS-P2-030,=,0.2,uM,,taniborbactam_ic50_over_xeruborbactam_ic50,exact,4.000000,,,2.000000,,,tan_ic50_gt_xer_supported,not_marked_as_prior_study_republication,,
10.1128/aac.01570-23|Table 3|VIM|VIM-5,10.1128/aac.01570-23,Table 3,VIM,VIM-5,,paper_reported_variant,,,recombinant_E_coli_crude_lysate,EVO-OBS-P2-031,=,0.9,uM,,EVO-OBS-P2-032,=,1.4,uM,,taniborbactam_ic50_over_xeruborbactam_ic50,exact,1.555556,,,0.637430,,,tan_ic50_gt_xer_supported,not_marked_as_prior_study_republication,,
10.1128/aac.01570-23|Table 3|VIM|VIM-53,10.1128/aac.01570-23,Table 3,VIM,VIM-53,,paper_reported_variant,,,recombinant_E_coli_crude_lysate,EVO-OBS-P2-041,=,0.14,uM,,EVO-OBS-P2-042,=,1.4,uM,,taniborbactam_ic50_over_xeruborbactam_ic50,exact,10.000000,,,3.321928,,,tan_ic50_gt_xer_supported,not_marked_as_prior_study_republication,,
10.1128/aac.01570-23|Table 3|VIM|VIM-6,10.1128/aac.01570-23,Table 3,VIM,VIM-6,,paper_reported_variant,,,recombinant_E_coli_crude_lysate,EVO-OBS-P2-039,=,0.01,uM,,EVO-OBS-P2-040,=,0.5,uM,,taniborbactam_ic50_over_xeruborbactam_ic50,exact,50.000000,,,5.643856,,,tan_ic50_gt_xer_supported,not_marked_as_prior_study_republication,,
10.1128/aac.01570-23|Table 3|VIM|VIM-83,10.1128/aac.01570-23,Table 3,VIM,VIM-83,,paper_reported_variant,,,recombinant_E_coli_crude_lysate,EVO-OBS-P2-035,=,0.2,uM,,EVO-OBS-P2-036,=,55,uM,,taniborbactam_ic50_over_xeruborbactam_ic50,exact,275.000000,,,8.103288,,,tan_ic50_gt_xer_supported,not_marked_as_prior_study_republication,,
