variant_name,accession_presence,sequence_presence,normalized_length,computed_hash,metadata_consistency,validation_status,quality_flags
IMP-1,present,present,246,2dd6454f1efde99a4c02ac938b4ecc083976273ffa0390d0a977e10494e6ebed,consistent,valid,
IMP-2,present,present,246,84008f00361f521de08c43e271588240f30be987960a0db4f8a1db59a60bad26,consistent,valid,
IMP-4,present,present,246,20ce0da5a1ec090bd70043456e929ba37b4fd4eaaab90d0283d9f490d8488432,consistent,valid,secondary_protein_accession_not_sequence_compared
IMP-6,present,present,246,45dcf08e54b5f12aeb3ca5a38099f5f224978905edc8d1ad10a8f8c4a55fff17,consistent,valid,
IMP-10,present,present,246,2d5f21b9ef6df8a29298631e8f1422bd11b24afc89a6d9cc0599deb825cd2826,consistent,valid,
IMP-14,present,present,246,56e472498ec44642d2736d77fa2d3fbf201166a6e1949b430778711da6d9c692,consistent,valid,imp14_numbering_discrepancy_unresolved
IMP-19,present,present,246,cdaf7379c182801b1c5a7df3d5e4c7a52f37bb0457c4a43f7cc83e3610c909ac,consistent,valid,
IMP-26,present,present,246,e0d17d6c7a6aa957cbd992b59c0ef1632fb9e5af79e3deeaf79ce6b53124165d,consistent,valid,
IMP-59,present,pending,,,consistent,valid,sequence_payload_pending|paper_relationship_not_independently_verified
