observation_id,validation_status,quality_flags
EVO-OBS-P1-001,valid,
EVO-OBS-P1-002,valid,
EVO-OBS-P1-003,valid,
EVO-OBS-P1-004,valid,
EVO-OBS-P1-005,valid,
EVO-OBS-P1-006,valid,
EVO-OBS-P1-007,valid,
EVO-OBS-P2-001,valid,
EVO-OBS-P2-002,valid,
EVO-OBS-P2-003,valid,
EVO-OBS-P2-004,valid,
EVO-OBS-P2-005,valid,
EVO-OBS-P2-006,valid,
EVO-OBS-P3-001,valid,
EVO-OBS-P3-002,valid,censored_with_reported_fitted_estimate
EVO-OBS-P3-003,valid,
EVO-OBS-P1-008,valid,
EVO-OBS-P1-009,valid,
EVO-OBS-P1-010,valid,
EVO-OBS-P1-011,valid,
EVO-OBS-P1-012,valid,
EVO-OBS-P1-013,valid,
EVO-OBS-P1-014,valid,
EVO-OBS-P1-015,valid,
EVO-OBS-P1-016,valid,
EVO-OBS-P1-017,valid,
EVO-OBS-P1-018,valid,
EVO-OBS-P1-019,valid,
EVO-OBS-P1-020,valid,
EVO-OBS-P1-021,valid,
EVO-OBS-P1-022,valid,
EVO-OBS-P1-023,valid,
EVO-OBS-P1-024,valid,
EVO-OBS-P1-025,valid,
EVO-OBS-P1-026,valid,
EVO-OBS-P1-027,valid,
EVO-OBS-P1-028,valid,
EVO-OBS-P1-029,valid,
EVO-OBS-P1-030,valid,
EVO-OBS-P1-031,valid,
EVO-OBS-P1-032,valid,
EVO-OBS-P1-033,valid,
EVO-OBS-P1-034,valid,
EVO-OBS-P2-007,valid,
EVO-OBS-P2-008,valid,
EVO-OBS-P2-009,valid,
EVO-OBS-P2-010,valid,
EVO-OBS-P2-011,valid,
EVO-OBS-P2-012,valid,
EVO-OBS-P2-013,valid,
EVO-OBS-P2-014,valid,
EVO-OBS-P2-015,valid,
EVO-OBS-P2-016,valid,
EVO-OBS-P2-017,valid,
EVO-OBS-P2-018,valid,
EVO-OBS-P2-019,valid,
EVO-OBS-P2-020,valid,
EVO-OBS-P2-021,valid,
EVO-OBS-P2-022,valid,
EVO-OBS-P2-023,valid,
EVO-OBS-P2-024,valid,
EVO-OBS-P2-025,valid,
EVO-OBS-P2-026,valid,
EVO-OBS-P2-027,valid,
EVO-OBS-P2-028,valid,
EVO-OBS-P2-029,valid,
EVO-OBS-P2-030,valid,
EVO-OBS-P2-031,valid,
EVO-OBS-P2-032,valid,
EVO-OBS-P2-033,valid,
EVO-OBS-P2-034,valid,
EVO-OBS-P2-035,valid,
EVO-OBS-P2-036,valid,
EVO-OBS-P2-037,valid,
EVO-OBS-P2-038,valid,
EVO-OBS-P2-039,valid,
EVO-OBS-P2-040,valid,
EVO-OBS-P2-041,valid,
EVO-OBS-P2-042,valid,
EVO-OBS-P2-043,valid,
EVO-OBS-P2-044,valid,
EVO-OBS-P2-045,valid,
EVO-OBS-P2-046,valid,
EVO-OBS-P2-047,valid,
EVO-OBS-P2-048,valid,
EVO-OBS-P2-049,valid,
EVO-OBS-P2-050,valid,
EVO-OBS-P2-051,valid,
EVO-OBS-P2-052,valid,
EVO-OBS-P2-053,valid,
EVO-OBS-P2-054,valid,
EVO-OBS-P2-055,valid,
EVO-OBS-P2-056,valid,
EVO-OBS-P2-057,valid,assay_substrate_imipenem
EVO-OBS-P2-058,valid,assay_substrate_imipenem
EVO-OBS-P2-059,valid,
EVO-OBS-P2-060,valid,
EVO-OBS-P2-061,valid,
EVO-OBS-P2-062,valid,
EVO-OBS-P2-063,valid,
EVO-OBS-P2-064,valid,
EVO-OBS-P2-065,valid,
EVO-OBS-P2-066,valid,
EVO-OBS-P2-067,valid,
EVO-OBS-P2-068,valid,
EVO-OBS-P2-069,valid,assay_substrate_imipenem
EVO-OBS-P2-070,valid,assay_substrate_imipenem
EVO-OBS-P2-071,valid,
EVO-OBS-P2-072,valid,
